uri,uri_canonical,id,name,lat,lon,op_type,op_type_label,country,op_type_code,op_type_name
http://data.europa.eu/949/functionalInfrastructure/operationalPoints/092bd678154c4a2d8f958086889ed30644055771,http://data.europa.eu/949/functionalInfrastructure/operationalPoints/EU00102,EU00102,Bettembourg frontière,49.4720532,6.1078419,http://data.europa.eu/949/concepts/op-types/rinf/90,90,http://publications.europa.eu/resource/authority/country/LUX,90,border point
http://data.europa.eu/949/functionalInfrastructure/operationalPoints/0b775053326e9eddcdbfa1ef3b3b0912f7dbf435,http://data.europa.eu/949/functionalInfrastructure/operationalPoints/LUAu%20%20%20,LUAu   ,Audun-le-Tiche,49.47838,5.95827,http://data.europa.eu/949/concepts/op-types/rinf/70,70,http://publications.europa.eu/resource/authority/country/LUX,70,passenger stop
http://data.europa.eu/949/functionalInfrastructure/operationalPoints/0e786bfd875c6b3df42867906572442bb253f0de,http://data.europa.eu/949/functionalInfrastructure/operationalPoints/LUF%20%20%20%20,LUF    ,Fentange,49.56836,6.140955,http://data.europa.eu/949/concepts/op-types/rinf/110,110,http://publications.europa.eu/resource/authority/country/LUX,110,technical change
http://data.europa.eu/949/functionalInfrastructure/operationalPoints/1035eeefe93f538b90731d2e005ee7952dab4cbe,http://data.europa.eu/949/functionalInfrastructure/operationalPoints/LUKa%20%20%20,LUKa   ,Kayl,49.48574,6.03524,http://data.europa.eu/949/concepts/op-types/rinf/70,70,http://publications.europa.eu/resource/authority/country/LUX,70,passenger stop
http://data.europa.eu/949/functionalInfrastructure/operationalPoints/10c0d133a09732ec1d50c3aa36acc95d29583156,http://data.europa.eu/949/functionalInfrastructure/operationalPoints/LUBc-N%20,LUBc-N ,Berchem Nord,49.55253,6.14181,http://data.europa.eu/949/concepts/op-types/rinf/80,80,http://publications.europa.eu/resource/authority/country/LUX,80,junction
http://data.europa.eu/949/functionalInfrastructure/operationalPoints/11ad6fde7fc6b74074b9320438743a68f13a8f22,http://data.europa.eu/949/functionalInfrastructure/operationalPoints/LUEb%20%20%20,LUEb   ,Ettelbruck,49.847222,6.106667,http://data.europa.eu/949/concepts/op-types/rinf/10,10,http://publications.europa.eu/resource/authority/country/LUX,10,station
http://data.europa.eu/949/functionalInfrastructure/operationalPoints/120688ad711d67318dde489ed40ea9121ca9a0ee,http://data.europa.eu/949/functionalInfrastructure/operationalPoints/LUM%20%20%20%20,LUM    ,Mersch,49.751667,6.110278,http://data.europa.eu/949/concepts/op-types/rinf/10,10,http://publications.europa.eu/resource/authority/country/LUX,10,station
http://data.europa.eu/949/functionalInfrastructure/operationalPoints/12be35e599878167b00b76453d93a62024c6b525,http://data.europa.eu/949/functionalInfrastructure/operationalPoints/LUWw%20%20%20,LUWw   ,Wilwerwiltz,49.988333,6.000278,http://data.europa.eu/949/concepts/op-types/rinf/10,10,http://publications.europa.eu/resource/authority/country/LUX,10,station
http://data.europa.eu/949/functionalInfrastructure/operationalPoints/17f6f394b9521f1a5fd6c0bef825d14147064924,http://data.europa.eu/949/functionalInfrastructure/operationalPoints/LUMt%20%20%20,LUMt   ,Mertert,49.703056,6.478889,http://data.europa.eu/949/concepts/op-types/rinf/70,70,http://publications.europa.eu/resource/authority/country/LUX,70,passenger stop
http://data.europa.eu/949/functionalInfrastructure/operationalPoints/1a956081d0fa6cd5305d1cb87fb16129946a2cf8,http://data.europa.eu/949/functionalInfrastructure/operationalPoints/EU00100,EU00100,Esch Frontiere,49.4859,5.9688,http://data.europa.eu/949/concepts/op-types/rinf/90,90,http://publications.europa.eu/resource/authority/country/LUX,90,border point
http://data.europa.eu/949/functionalInfrastructure/operationalPoints/1aab67f762f56e22e9315e07685dff5e25f171de,http://data.europa.eu/949/functionalInfrastructure/operationalPoints/LUW%20%20%20%20,LUW    ,Wasserbillig,49.712778,6.499167,http://data.europa.eu/949/concepts/op-types/rinf/10,10,http://publications.europa.eu/resource/authority/country/LUX,10,station
http://data.europa.eu/949/functionalInfrastructure/operationalPoints/20e949c54fc93bd14d13783892a782a394de8528,http://data.europa.eu/949/functionalInfrastructure/operationalPoints/LUTg%20%20%20,LUTg   ,Tétange,49.477438,6.03492,http://data.europa.eu/949/concepts/op-types/rinf/10,10,http://publications.europa.eu/resource/authority/country/LUX,10,station
http://data.europa.eu/949/functionalInfrastructure/operationalPoints/278f83ae8fad08f706d81688731018b0d7590458,http://data.europa.eu/949/functionalInfrastructure/operationalPoints/LUBa%20%20%20,LUBa   ,Bascharage-Sanem,49.558531,5.925082,http://data.europa.eu/949/concepts/op-types/rinf/10,10,http://publications.europa.eu/resource/authority/country/LUX,10,station
http://data.europa.eu/949/functionalInfrastructure/operationalPoints/27d8aac870f31fdbf67989ba36f91b89d3acc58f,http://data.europa.eu/949/functionalInfrastructure/operationalPoints/LUBtr%20%20,LUBtr  ,Bertrange-Strassen,49.6125,6.060833,http://data.europa.eu/949/concepts/op-types/rinf/10,10,http://publications.europa.eu/resource/authority/country/LUX,10,station
http://data.europa.eu/949/functionalInfrastructure/operationalPoints/2e1cac6d8f5ee7ea9f66bea7819402797a2e585b,http://data.europa.eu/949/functionalInfrastructure/operationalPoints/LUOe%20%20%20,LUOe   ,Oetrange,49.6025,6.258056,http://data.europa.eu/949/concepts/op-types/rinf/10,10,http://publications.europa.eu/resource/authority/country/LUX,10,station
http://data.europa.eu/949/functionalInfrastructure/operationalPoints/2edfceb9bd88b842f766dfbbdae2ac6217c82099,http://data.europa.eu/949/functionalInfrastructure/operationalPoints/LUBu%20%20%20,LUBu   ,Belval-Usines,49.49585,5.95863,http://data.europa.eu/949/concepts/op-types/rinf/40,40,http://publications.europa.eu/resource/authority/country/LUX,40,freight terminal
http://data.europa.eu/949/functionalInfrastructure/operationalPoints/2fbd2a8c00c3c1d913c07f06503840ba052f9fb6,http://data.europa.eu/949/functionalInfrastructure/operationalPoints/LUBi%20%20%20,LUBi   ,Bissen,49.7884,6.069313,http://data.europa.eu/949/concepts/op-types/rinf/40,40,http://publications.europa.eu/resource/authority/country/LUX,40,freight terminal
http://data.europa.eu/949/functionalInfrastructure/operationalPoints/3c9efe78bca8d5d1a1431bda78aea9fe9d1c3ccd,http://data.europa.eu/949/functionalInfrastructure/operationalPoints/LUPa%20%20%20,LUPa   ,Paradiso,49.965376,5.953191,http://data.europa.eu/949/concepts/op-types/rinf/70,70,http://publications.europa.eu/resource/authority/country/LUX,70,passenger stop
http://data.europa.eu/949/functionalInfrastructure/operationalPoints/3e9f83603534ae9e26097a6a0b9a7d5acb09ff9e,http://data.europa.eu/949/functionalInfrastructure/operationalPoints/LUBc-E%20,LUBc-E ,Berchem Est,49.55751,6.1547,http://data.europa.eu/949/concepts/op-types/rinf/80,80,http://publications.europa.eu/resource/authority/country/LUX,80,junction
http://data.europa.eu/949/functionalInfrastructure/operationalPoints/40e75e49011f20791e16cbd1142d3a87861218a4,http://data.europa.eu/949/functionalInfrastructure/operationalPoints/LUDf%20%20%20,LUDf   ,Drauffelt,50.01484,6.006722,http://data.europa.eu/949/concepts/op-types/rinf/70,70,http://publications.europa.eu/resource/authority/country/LUX,70,passenger stop
http://data.europa.eu/949/functionalInfrastructure/operationalPoints/42c2f1c2e378ee616f49def0f4faaead790116af,http://data.europa.eu/949/functionalInfrastructure/operationalPoints/LUCt%20%20%20,LUCt   ,Cruchten,49.796342,6.120069,http://data.europa.eu/949/concepts/op-types/rinf/70,70,http://publications.europa.eu/resource/authority/country/LUX,70,passenger stop
http://data.europa.eu/949/functionalInfrastructure/operationalPoints/444256c0dcb716923779cd93970f9040ce78e405,http://data.europa.eu/949/functionalInfrastructure/operationalPoints/LUBt-M%20,LUBt-M ,Bettembourg-Marchandises,49.49412,6.109887,http://data.europa.eu/949/concepts/op-types/rinf/40,40,http://publications.europa.eu/resource/authority/country/LUX,40,freight terminal
http://data.europa.eu/949/functionalInfrastructure/operationalPoints/455b899841e37cf3ae7302e6d247ef328a456169,http://data.europa.eu/949/functionalInfrastructure/operationalPoints/LUGb%20%20%20,LUGb   ,Goebelsmuhle,49.921111,6.053056,http://data.europa.eu/949/concepts/op-types/rinf/10,10,http://publications.europa.eu/resource/authority/country/LUX,10,station
http://data.europa.eu/949/functionalInfrastructure/operationalPoints/460e72896f3a26e8c70ae39adc77dbe7f8487691,http://data.europa.eu/949/functionalInfrastructure/operationalPoints/LULg%20%20%20,LULg   ,Langengrund,49.46563,6.01011,http://data.europa.eu/949/concepts/op-types/rinf/40,40,http://publications.europa.eu/resource/authority/country/LUX,40,freight terminal
http://data.europa.eu/949/functionalInfrastructure/operationalPoints/478e0bc171da151ca4a4ce8e31c9f79e4771ea9e,http://data.europa.eu/949/functionalInfrastructure/operationalPoints/LUCp%20%20%20,LUCp   ,Capellen,49.638405,5.982375,http://data.europa.eu/949/concepts/op-types/rinf/70,70,http://publications.europa.eu/resource/authority/country/LUX,70,passenger stop
http://data.europa.eu/949/functionalInfrastructure/operationalPoints/4c286432402829cbc6b67f373d985a0e5f03d485,http://data.europa.eu/949/functionalInfrastructure/operationalPoints/LUMk%20%20%20,LUMk   ,Merkholtz,49.956667,5.981667,http://data.europa.eu/949/concepts/op-types/rinf/70,70,http://publications.europa.eu/resource/authority/country/LUX,70,passenger stop
http://data.europa.eu/949/functionalInfrastructure/operationalPoints/4ea0a5c266ddab7c83405fd028cf09781774a18d,http://data.europa.eu/949/functionalInfrastructure/operationalPoints/LUMb%20%20%20,LUMb   ,Munsbach,49.630556,6.268333,http://data.europa.eu/949/concepts/op-types/rinf/70,70,http://publications.europa.eu/resource/authority/country/LUX,70,passenger stop
http://data.europa.eu/949/functionalInfrastructure/operationalPoints/5119b07d2978b1f41c72f6db8a04978b560f9f67,http://data.europa.eu/949/functionalInfrastructure/operationalPoints/LUP%20%20%20%20,LUP    ,Pétange,49.554165,5.879331,http://data.europa.eu/949/concepts/op-types/rinf/10,10,http://publications.europa.eu/resource/authority/country/LUX,10,station
http://data.europa.eu/949/functionalInfrastructure/operationalPoints/52fee84df1b40be2deefa4912504cd67ed7ff684,http://data.europa.eu/949/functionalInfrastructure/operationalPoints/LUBz%20%20%20,LUBz   ,Betzdorf,49.688859,6.348589,http://data.europa.eu/949/concepts/op-types/rinf/70,70,http://publications.europa.eu/resource/authority/country/LUX,70,passenger stop
http://data.europa.eu/949/functionalInfrastructure/operationalPoints/5304b0f5c537c3afebc93df26f272b6f384bd7f1,http://data.europa.eu/949/functionalInfrastructure/operationalPoints/LUCv%20%20%20,LUCv   ,Clervaux,50.061389,6.024722,http://data.europa.eu/949/concepts/op-types/rinf/10,10,http://publications.europa.eu/resource/authority/country/LUX,10,station
http://data.europa.eu/949/functionalInfrastructure/operationalPoints/58ea39924a8b065fac404e2b507fe8de915b22b0,http://data.europa.eu/949/functionalInfrastructure/operationalPoints/EU00097,EU00097,Rodange frontière B Aub,49.5518,5.825,http://data.europa.eu/949/concepts/op-types/rinf/90,90,http://publications.europa.eu/resource/authority/country/LUX,90,border point
http://data.europa.eu/949/functionalInfrastructure/operationalPoints/5a1968935ec2ebdbf5c6c20405308888c2435777,http://data.europa.eu/949/functionalInfrastructure/operationalPoints/LUDm%20%20%20,LUDm   ,Dommeldange,49.633889,6.136389,http://data.europa.eu/949/concepts/op-types/rinf/10,10,http://publications.europa.eu/resource/authority/country/LUX,10,station
http://data.europa.eu/949/functionalInfrastructure/operationalPoints/5e310f49823f2000e9535e1e4e5f41cccf90e1d9,http://data.europa.eu/949/functionalInfrastructure/operationalPoints/LURT-R%20,LURT-R ,Réseau tertiaire - Rodange,49.551,5.832,http://data.europa.eu/949/concepts/op-types/rinf/40,40,http://publications.europa.eu/resource/authority/country/LUX,40,freight terminal
http://data.europa.eu/949/functionalInfrastructure/operationalPoints/5ff5bc310f641a5358d2c5c198171b0f09014cf3,http://data.europa.eu/949/functionalInfrastructure/operationalPoints/LUDk%20%20%20,LUDk   ,Diekirch,49.864722,6.153611,http://data.europa.eu/949/concepts/op-types/rinf/10,10,http://publications.europa.eu/resource/authority/country/LUX,10,station
http://data.europa.eu/949/functionalInfrastructure/operationalPoints/60c0e782f68872dc731a732abb2c1e479d96f5c5,http://data.europa.eu/949/functionalInfrastructure/operationalPoints/EU00098,EU00098,Rodange frontière B A,49.5518,5.8106,http://data.europa.eu/949/concepts/op-types/rinf/90,90,http://publications.europa.eu/resource/authority/country/LUX,90,border point
http://data.europa.eu/949/functionalInfrastructure/operationalPoints/6296167fb38903c8eeaf00150261337a39b24897,http://data.europa.eu/949/functionalInfrastructure/operationalPoints/LUCu%20%20%20,LUCu   ,Colmar-Usines,49.80788,6.09266,http://data.europa.eu/949/concepts/op-types/rinf/40,40,http://publications.europa.eu/resource/authority/country/LUX,40,freight terminal
http://data.europa.eu/949/functionalInfrastructure/operationalPoints/640ffc53e7804df5675859332138db307110b773,http://data.europa.eu/949/functionalInfrastructure/operationalPoints/LURT-Bu,LURT-Bu,Réseau tertiaire - Site Belval,49.498,5.952,http://data.europa.eu/949/concepts/op-types/rinf/40,40,http://publications.europa.eu/resource/authority/country/LUX,40,freight terminal
http://data.europa.eu/949/functionalInfrastructure/operationalPoints/64be509ac4f921c118521129ba62b5998575c4f1,http://data.europa.eu/949/functionalInfrastructure/operationalPoints/LULr%20%20%20,LULr   ,Lorentzweiler,49.6975,6.140278,http://data.europa.eu/949/concepts/op-types/rinf/10,10,http://publications.europa.eu/resource/authority/country/LUX,10,station
http://data.europa.eu/949/functionalInfrastructure/operationalPoints/67d7ecdc86cb474390bed9459c38d36f2fc5ad2f,http://data.europa.eu/949/functionalInfrastructure/operationalPoints/LUMr%20%20%20,LUMr   ,Mamer,49.625556,6.02,http://data.europa.eu/949/concepts/op-types/rinf/10,10,http://publications.europa.eu/resource/authority/country/LUX,10,station
http://data.europa.eu/949/functionalInfrastructure/operationalPoints/68bf794a41c367ca58d8ff76534f5ae842d4a631,http://data.europa.eu/949/functionalInfrastructure/operationalPoints/LUBUn%20%20,LUBUn  ,Belval-Université,49.499556,5.946371,http://data.europa.eu/949/concepts/op-types/rinf/70,70,http://publications.europa.eu/resource/authority/country/LUX,70,passenger stop
http://data.europa.eu/949/functionalInfrastructure/operationalPoints/69e8c0602d447b273aaf51746955b23a7da534b9,http://data.europa.eu/949/functionalInfrastructure/operationalPoints/LUBb%20%20%20,LUBb   ,Brucherberg,49.50103,6.0387,http://data.europa.eu/949/concepts/op-types/rinf/80,80,http://publications.europa.eu/resource/authority/country/LUX,80,junction
http://data.europa.eu/949/functionalInfrastructure/operationalPoints/6b5bf8a8b851a70ea79fadec7b3bb3f8efc20ddc,http://data.europa.eu/949/functionalInfrastructure/operationalPoints/EU00099,EU00099,Rodange frontière F MstM,49.5433,5.8106,http://data.europa.eu/949/concepts/op-types/rinf/90,90,http://publications.europa.eu/resource/authority/country/LUX,90,border point
http://data.europa.eu/949/functionalInfrastructure/operationalPoints/6dc8a0f9f99afc738b60bb82cb5c17d4ff32797b,http://data.europa.eu/949/functionalInfrastructure/operationalPoints/LUCb%20%20%20,LUCb   ,Colmar-Berg,49.815051,6.100849,http://data.europa.eu/949/concepts/op-types/rinf/70,70,http://publications.europa.eu/resource/authority/country/LUX,70,passenger stop
http://data.europa.eu/949/functionalInfrastructure/operationalPoints/6eb1dc3ffa9c7f81d437542b1da83369bb0b945f,http://data.europa.eu/949/functionalInfrastructure/operationalPoints/LUVm%20%20%20,LUVm   ,Volmerange-les-Mines,49.45672,6.079,http://data.europa.eu/949/concepts/op-types/rinf/70,70,http://publications.europa.eu/resource/authority/country/LUX,70,passenger stop
http://data.europa.eu/949/functionalInfrastructure/operationalPoints/72031ca72c4491f02450b001c3869625bdb76500,http://data.europa.eu/949/functionalInfrastructure/operationalPoints/EU00095,EU00095,Troisvierges frontière,50.173,5.9653,http://data.europa.eu/949/concepts/op-types/rinf/90,90,http://publications.europa.eu/resource/authority/country/LUX,90,border point
http://data.europa.eu/949/functionalInfrastructure/operationalPoints/7286bce746d18f562e9bbf54a59656c8622db480,http://data.europa.eu/949/functionalInfrastructure/operationalPoints/LUOk%20%20%20,LUOk   ,Oberkorn,49.51039,5.891326,http://data.europa.eu/949/concepts/op-types/rinf/70,70,http://publications.europa.eu/resource/authority/country/LUX,70,passenger stop
http://data.europa.eu/949/functionalInfrastructure/operationalPoints/74737c107dfdc20082d4b8cd8a077216419b05e7,http://data.europa.eu/949/functionalInfrastructure/operationalPoints/EU00009,EU00009,Wasserbillig frontière,49.7138,6.5066,http://data.europa.eu/949/concepts/op-types/rinf/90,90,http://publications.europa.eu/resource/authority/country/LUX,90,border point
http://data.europa.eu/949/functionalInfrastructure/operationalPoints/75eff9fe7d526f422ad69eb35d61efd68249142b,http://data.europa.eu/949/functionalInfrastructure/operationalPoints/LUNz%20%20%20,LUNz   ,Noertzange,49.508087,6.05085,http://data.europa.eu/949/concepts/op-types/rinf/10,10,http://publications.europa.eu/resource/authority/country/LUX,10,station
http://data.europa.eu/949/functionalInfrastructure/operationalPoints/79fd8333b88603e639c0271515e64964f97823bf,http://data.europa.eu/949/functionalInfrastructure/operationalPoints/LURu%20%20%20,LURu   ,Rumelange,49.46,6.032504,http://data.europa.eu/949/concepts/op-types/rinf/10,10,http://publications.europa.eu/resource/authority/country/LUX,10,station
http://data.europa.eu/949/functionalInfrastructure/operationalPoints/7a0189da9b81f005265dab4649b5641829d10ea4,http://data.europa.eu/949/functionalInfrastructure/operationalPoints/EU00096,EU00096,Kleinbettingen frontière,49.6437,5.9042,http://data.europa.eu/949/concepts/op-types/rinf/90,90,http://publications.europa.eu/resource/authority/country/LUX,90,border point
http://data.europa.eu/949/functionalInfrastructure/operationalPoints/7ea20f220e649bc4b34d2a57ddfb9f0ce6c9dd97,http://data.europa.eu/949/functionalInfrastructure/operationalPoints/LUBc%20%20%20,LUBc   ,Berchem,49.5425,6.133611,http://data.europa.eu/949/concepts/op-types/rinf/10,10,http://publications.europa.eu/resource/authority/country/LUX,10,station
http://data.europa.eu/949/functionalInfrastructure/operationalPoints/7fa23b0e5d0e5b3ec7f28def332d721c81e28b5e,http://data.europa.eu/949/functionalInfrastructure/operationalPoints/LUSg%20%20%20,LUSg   ,Schifflange,49.506389,6.009444,http://data.europa.eu/949/concepts/op-types/rinf/70,70,http://publications.europa.eu/resource/authority/country/LUX,70,passenger stop
http://data.europa.eu/949/functionalInfrastructure/operationalPoints/88f5ad4aeab9e0d2de4da8d3397d1cf156604fc2,http://data.europa.eu/949/functionalInfrastructure/operationalPoints/LUBd%20%20%20,LUBd   ,Burden,49.87648,6.10541,http://data.europa.eu/949/concepts/op-types/rinf/80,80,http://publications.europa.eu/resource/authority/country/LUX,80,junction
http://data.europa.eu/949/functionalInfrastructure/operationalPoints/894103e2c8ca735f7435889f272a3642ba75a2b1,http://data.europa.eu/949/functionalInfrastructure/operationalPoints/LUTv%20%20%20,LUTv   ,Troisvierges,50.11924,5.9909,http://data.europa.eu/949/concepts/op-types/rinf/10,10,http://publications.europa.eu/resource/authority/country/LUX,10,station
http://data.europa.eu/949/functionalInfrastructure/operationalPoints/896a0eb2760fec19a3482690329a9c75668987ad,http://data.europa.eu/949/functionalInfrastructure/operationalPoints/LUDu%20%20%20,LUDu   ,Dudelange-Usines,49.47268,6.07943,http://data.europa.eu/949/concepts/op-types/rinf/10,10,http://publications.europa.eu/resource/authority/country/LUX,10,station
http://data.europa.eu/949/functionalInfrastructure/operationalPoints/8d311da8997ebe515c79a31fa7d33e6464a9cf21,http://data.europa.eu/949/functionalInfrastructure/operationalPoints/LURT-D%20,LURT-D ,Réseau tertiaire - Site Differdange,49.5347,5.8963,http://data.europa.eu/949/concepts/op-types/rinf/40,40,http://publications.europa.eu/resource/authority/country/LUX,40,freight terminal
http://data.europa.eu/949/functionalInfrastructure/operationalPoints/8f86dddffa28e3aa6343f3453b693cd791ec0ac0,http://data.europa.eu/949/functionalInfrastructure/operationalPoints/LUNk%20%20%20,LUNk   ,Niederkorn,49.537222,5.894444,http://data.europa.eu/949/concepts/op-types/rinf/70,70,http://publications.europa.eu/resource/authority/country/LUX,70,passenger stop
http://data.europa.eu/949/functionalInfrastructure/operationalPoints/8fca475e9bcb4fd5474bddb84afd879ae72504d5,http://data.europa.eu/949/functionalInfrastructure/operationalPoints/LUCs%20%20%20,LUCs   ,Cents-Hamm,49.61521,6.166666,http://data.europa.eu/949/concepts/op-types/rinf/70,70,http://publications.europa.eu/resource/authority/country/LUX,70,passenger stop
http://data.europa.eu/949/functionalInfrastructure/operationalPoints/93cc57ed445ea6a5260978dc7d16d09f5a296662,http://data.europa.eu/949/functionalInfrastructure/operationalPoints/LUDc%20%20%20,LUDc   ,Dudelange-Centre,49.47885,6.08222,http://data.europa.eu/949/concepts/op-types/rinf/70,70,http://publications.europa.eu/resource/authority/country/LUX,70,passenger stop
http://data.europa.eu/949/functionalInfrastructure/operationalPoints/9a257a0b60d93d7bb217202eb25e32c562d8016d,http://data.europa.eu/949/functionalInfrastructure/operationalPoints/LULd%20%20%20,LULd   ,Leudelange,49.58694,6.05818,http://data.europa.eu/949/concepts/op-types/rinf/70,70,http://publications.europa.eu/resource/authority/country/LUX,70,passenger stop
http://data.europa.eu/949/functionalInfrastructure/operationalPoints/9bf8d4e07ba2a654dfe6e19dd50a1c2c8b155786,http://data.europa.eu/949/functionalInfrastructure/operationalPoints/LUWf%20%20%20,LUWf   ,Walferdange,49.661944,6.136389,http://data.europa.eu/949/concepts/op-types/rinf/70,70,http://publications.europa.eu/resource/authority/country/LUX,70,passenger stop
http://data.europa.eu/949/functionalInfrastructure/operationalPoints/9e1e19202201b7ed4eb6e373ca69b5405db9bb27,http://data.europa.eu/949/functionalInfrastructure/operationalPoints/LUSr%20%20%20,LUSr   ,Schieren,49.8291,6.09526,http://data.europa.eu/949/concepts/op-types/rinf/70,70,http://publications.europa.eu/resource/authority/country/LUX,70,passenger stop
http://data.europa.eu/949/functionalInfrastructure/operationalPoints/a0d102b9cd0e95827ac8741109899c8f972a9830,http://data.europa.eu/949/functionalInfrastructure/operationalPoints/LUKt%20%20%20,LUKt   ,Kautenbach,49.948611,6.022222,http://data.europa.eu/949/concepts/op-types/rinf/10,10,http://publications.europa.eu/resource/authority/country/LUX,10,station
http://data.europa.eu/949/functionalInfrastructure/operationalPoints/a2815f05b2a1f8192341819f824c146fd89f7a0c,http://data.europa.eu/949/functionalInfrastructure/operationalPoints/LUKb%20%20%20,LUKb   ,Kleinbettingen,49.64389,5.917409,http://data.europa.eu/949/concepts/op-types/rinf/10,10,http://publications.europa.eu/resource/authority/country/LUX,10,station
http://data.europa.eu/949/functionalInfrastructure/operationalPoints/a5046c7627048b5143c56402a6e850f806a02999,http://data.europa.eu/949/functionalInfrastructure/operationalPoints/LUHd%20%20%20,LUHd   ,Heisdorf,49.675278,6.139167,http://data.europa.eu/949/concepts/op-types/rinf/70,70,http://publications.europa.eu/resource/authority/country/LUX,70,passenger stop
http://data.europa.eu/949/functionalInfrastructure/operationalPoints/a89c06280f7f7e750eb516a4ef956fb85130ad47,http://data.europa.eu/949/functionalInfrastructure/operationalPoints/LULi%20%20%20,LULi   ,Lintgen,49.721111,6.122778,http://data.europa.eu/949/concepts/op-types/rinf/70,70,http://publications.europa.eu/resource/authority/country/LUX,70,passenger stop
http://data.europa.eu/949/functionalInfrastructure/operationalPoints/aad570258e3aa45658526ce495f83aef4c7cbc82,http://data.europa.eu/949/functionalInfrastructure/operationalPoints/LUBt-V%20,LUBt-V ,Bettembourg-Voyageurs,49.516111,6.101111,http://data.europa.eu/949/concepts/op-types/rinf/10,10,http://publications.europa.eu/resource/authority/country/LUX,10,station
http://data.europa.eu/949/functionalInfrastructure/operationalPoints/ac550fd2fc7cf430c463dd58e47d5466202ce5b4,http://data.europa.eu/949/functionalInfrastructure/operationalPoints/LUP130%20,LUP130 ,Déviation vers 6h,49.5506,5.8372,http://data.europa.eu/949/concepts/op-types/rinf/80,80,http://publications.europa.eu/resource/authority/country/LUX,80,junction
http://data.europa.eu/949/functionalInfrastructure/operationalPoints/b18ed5f598b5c9aa013ebd6577d45ee9c81ab70e,http://data.europa.eu/949/functionalInfrastructure/operationalPoints/LUMe%20%20%20,LUMe   ,Mecher,50.03508,6.01043,http://data.europa.eu/949/concepts/op-types/rinf/80,80,http://publications.europa.eu/resource/authority/country/LUX,80,junction
http://data.europa.eu/949/functionalInfrastructure/operationalPoints/b66e0518af1da37396f0759a6571484d4e0c6539,http://data.europa.eu/949/functionalInfrastructure/operationalPoints/LUSchb%20,LUSchb ,Scheuerbusch,49.510556,6.031111,http://data.europa.eu/949/concepts/op-types/rinf/80,80,http://publications.europa.eu/resource/authority/country/LUX,80,junction
http://data.europa.eu/949/functionalInfrastructure/operationalPoints/bb58180ea3b056368f597a00a3c3b741e5a3f21a,http://data.europa.eu/949/functionalInfrastructure/operationalPoints/LUDb%20%20%20,LUDb   ,Dudelange-Burange,49.4925,6.08629,http://data.europa.eu/949/concepts/op-types/rinf/70,70,http://publications.europa.eu/resource/authority/country/LUX,70,passenger stop
http://data.europa.eu/949/functionalInfrastructure/operationalPoints/bcd231799de0d1a70753f0f4e2b3cdd34e8bd9fe,http://data.europa.eu/949/functionalInfrastructure/operationalPoints/LUBLy%20%20,LUBLy  ,Belval-Lycée,49.501492,5.934241,http://data.europa.eu/949/concepts/op-types/rinf/70,70,http://publications.europa.eu/resource/authority/country/LUX,70,passenger stop
http://data.europa.eu/949/functionalInfrastructure/operationalPoints/bf5aa461aaf80f23c7823052a83bd6165f7f6da4,http://data.europa.eu/949/functionalInfrastructure/operationalPoints/LULm%20%20%20,LULm   ,Lamadelaine,49.55338,5.860886,http://data.europa.eu/949/concepts/op-types/rinf/70,70,http://publications.europa.eu/resource/authority/country/LUX,70,passenger stop
http://data.europa.eu/949/functionalInfrastructure/operationalPoints/d04957e8d418489ed18085c4dc7048b3d7bd23a6,http://data.europa.eu/949/functionalInfrastructure/operationalPoints/LUBr%20%20%20,LUBr   ,Belval-Rédange,49.50296,5.92392,http://data.europa.eu/949/concepts/op-types/rinf/70,70,http://publications.europa.eu/resource/authority/country/LUX,70,passenger stop
http://data.europa.eu/949/functionalInfrastructure/operationalPoints/d11f338ac57069a02c4faeac216d387b9ad0ed15,http://data.europa.eu/949/functionalInfrastructure/operationalPoints/LUHo%20%20%20,LUHo   ,Howald,49.581014,6.132404,http://data.europa.eu/949/concepts/op-types/rinf/70,70,http://publications.europa.eu/resource/authority/country/LUX,70,passenger stop
http://data.europa.eu/949/functionalInfrastructure/operationalPoints/d365a5299bf7051d4442714f1b4a13e377b5ba0b,http://data.europa.eu/949/functionalInfrastructure/operationalPoints/LURt%20%20%20,LURt   ,Roodt,49.666389,6.303056,http://data.europa.eu/949/concepts/op-types/rinf/70,70,http://publications.europa.eu/resource/authority/country/LUX,70,passenger stop
http://data.europa.eu/949/functionalInfrastructure/operationalPoints/d3bee0d1046d1c14f4a4b830f47f30f42df1838b,http://data.europa.eu/949/functionalInfrastructure/operationalPoints/LUEs%20%20%20,LUEs   ,Esch-sur-Alzette,49.493889,5.985556,http://data.europa.eu/949/concepts/op-types/rinf/10,10,http://publications.europa.eu/resource/authority/country/LUX,10,station
http://data.europa.eu/949/functionalInfrastructure/operationalPoints/d99aa262d7b73df48c8446a34591d50afe431fda,http://data.europa.eu/949/functionalInfrastructure/operationalPoints/LUMr-L%20,LUMr-L ,Mamer-Lycée,49.618337,6.029723,http://data.europa.eu/949/concepts/op-types/rinf/70,70,http://publications.europa.eu/resource/authority/country/LUX,70,passenger stop
http://data.europa.eu/949/functionalInfrastructure/operationalPoints/e132bb6f290c0f623c93fc5e01866da466baa53c,http://data.europa.eu/949/functionalInfrastructure/operationalPoints/LUMc%20%20%20,LUMc   ,Michelau,49.896667,6.091944,http://data.europa.eu/949/concepts/op-types/rinf/70,70,http://publications.europa.eu/resource/authority/country/LUX,70,passenger stop
http://data.europa.eu/949/functionalInfrastructure/operationalPoints/e21dff8ef2c401ee6b000625a4ac6647863681d0,http://data.europa.eu/949/functionalInfrastructure/operationalPoints/LUPf-K%20,LUPf-K ,Pfaffenthal-Kirchberg,49.619,6.133,http://data.europa.eu/949/concepts/op-types/rinf/70,70,http://publications.europa.eu/resource/authority/country/LUX,70,passenger stop
http://data.europa.eu/949/functionalInfrastructure/operationalPoints/e2e5954bd3d0210490cea1fb34cd46052a6207f6,http://data.europa.eu/949/functionalInfrastructure/operationalPoints/LUR%20%20%20%20,LUR    ,Rodange (secteur),49.55109,5.84333,http://data.europa.eu/949/concepts/op-types/rinf/10,10,http://publications.europa.eu/resource/authority/country/LUX,10,station
http://data.europa.eu/949/functionalInfrastructure/operationalPoints/e5709b937661518113e2d6ce3804b11fabd89cb9,http://data.europa.eu/949/functionalInfrastructure/operationalPoints/LUMn%20%20%20,LUMn   ,Manternach,49.706389,6.423333,http://data.europa.eu/949/concepts/op-types/rinf/70,70,http://publications.europa.eu/resource/authority/country/LUX,70,passenger stop
http://data.europa.eu/949/functionalInfrastructure/operationalPoints/e671d562b35e7cbd5cf7dfd88db54f8670876032,http://data.europa.eu/949/functionalInfrastructure/operationalPoints/LUDv%20%20%20,LUDv   ,Dudelange-Ville,49.48346,6.08302,http://data.europa.eu/949/concepts/op-types/rinf/70,70,http://publications.europa.eu/resource/authority/country/LUX,70,passenger stop
http://data.europa.eu/949/functionalInfrastructure/operationalPoints/e8cb664ede3d159c1a238fc49adc91faf5751da8,http://data.europa.eu/949/functionalInfrastructure/operationalPoints/LUL%20%20%20%20,LUL    ,Luxembourg,49.599722,6.134722,http://data.europa.eu/949/concepts/op-types/rinf/10,10,http://publications.europa.eu/resource/authority/country/LUX,10,station
http://data.europa.eu/949/functionalInfrastructure/operationalPoints/ef1b21130600df1f4e1ba713feabf1989f3677c6,http://data.europa.eu/949/functionalInfrastructure/operationalPoints/LULt%20%20%20,LULt   ,Luxembourg-Triage,49.58987,6.13418,http://data.europa.eu/949/concepts/op-types/rinf/40,40,http://publications.europa.eu/resource/authority/country/LUX,40,freight terminal
http://data.europa.eu/949/functionalInfrastructure/operationalPoints/ef9046bb8ec91704f97b75ed242fd6027cbe5813,http://data.europa.eu/949/functionalInfrastructure/operationalPoints/LUSw%20%20%20,LUSw   ,Schouweiler,49.57349,5.95987,http://data.europa.eu/949/concepts/op-types/rinf/70,70,http://publications.europa.eu/resource/authority/country/LUX,70,passenger stop
http://data.europa.eu/949/functionalInfrastructure/operationalPoints/f16dc582d02e391cf8df34a758a0dc3086679d54,http://data.europa.eu/949/functionalInfrastructure/operationalPoints/LUBs%20%20%20,LUBs   ,Belvaux-Soleuvre,49.51509,5.92599,http://data.europa.eu/949/concepts/op-types/rinf/10,10,http://publications.europa.eu/resource/authority/country/LUX,10,station
http://data.europa.eu/949/functionalInfrastructure/operationalPoints/f68f1a2bfd39ffe3b2010bba9640ef57a2579a5f,http://data.europa.eu/949/functionalInfrastructure/operationalPoints/LUDi%20%20%20,LUDi   ,Differdange (PA),49.5225,5.8916,http://data.europa.eu/949/concepts/op-types/rinf/70,70,http://publications.europa.eu/resource/authority/country/LUX,70,passenger stop
http://data.europa.eu/949/functionalInfrastructure/operationalPoints/f9a45b892d8836d6001678a97c46a84693c78224,http://data.europa.eu/949/functionalInfrastructure/operationalPoints/LUWk%20%20%20,LUWk   ,Wecker,49.7,6.386389,http://data.europa.eu/949/concepts/op-types/rinf/10,10,http://publications.europa.eu/resource/authority/country/LUX,10,station
http://data.europa.eu/949/functionalInfrastructure/operationalPoints/fac83f51c28b9c0dec91a9dc39796427a7e7a7a6,http://data.europa.eu/949/functionalInfrastructure/operationalPoints/LUWz%20%20%20,LUWz   ,Wiltz,49.966667,5.928333,http://data.europa.eu/949/concepts/op-types/rinf/10,10,http://publications.europa.eu/resource/authority/country/LUX,10,station
http://data.europa.eu/949/functionalInfrastructure/operationalPoints/fec8fd2e8f385d058e4e2820045ef998c7d58e55,http://data.europa.eu/949/functionalInfrastructure/operationalPoints/LUDr%20%20%20,LUDr   ,Dippach-Reckange,49.57252,5.99512,http://data.europa.eu/949/concepts/op-types/rinf/10,10,http://publications.europa.eu/resource/authority/country/LUX,10,station
http://data.europa.eu/949/functionalInfrastructure/operationalPoints/0ea02ec5492aba585b50301f64a85a1262c6c2b6,http://data.europa.eu/949/functionalInfrastructure/operationalPoints/LUBl-Pb,LUBl-Pb,Bellain poste de block,50.14253,5.97315,http://data.europa.eu/949/concepts/op-types/rinf/110,110,http://publications.europa.eu/resource/authority/country/LUX,110,technical change
http://data.europa.eu/949/functionalInfrastructure/operationalPoints/0fc4a14c50e8599e9155afda771efdae9b9c0332,http://data.europa.eu/949/functionalInfrastructure/operationalPoints/LULs%20%20%20,LULs   ,Luxembourg-Sud,49.47268,6.07943,http://data.europa.eu/949/concepts/op-types/rinf/110,110,http://publications.europa.eu/resource/authority/country/LUX,110,technical change
http://data.europa.eu/949/functionalInfrastructure/operationalPoints/156f31ebbd5ffcabaed54037c2808cca705999a6,http://data.europa.eu/949/functionalInfrastructure/operationalPoints/LUMl%20%20%20,LUMl   ,Maulusmuhle,50.094167,6.025833,http://data.europa.eu/949/concepts/op-types/rinf/110,110,http://publications.europa.eu/resource/authority/country/LUX,110,technical change
http://data.europa.eu/949/functionalInfrastructure/operationalPoints/20250d7519004040857dafcc340d40ee7697402e,http://data.europa.eu/949/functionalInfrastructure/operationalPoints/LUSy%20%20%20,LUSy   ,Syren,49.569722,6.220833,http://data.europa.eu/949/concepts/op-types/rinf/20,20,http://publications.europa.eu/resource/authority/country/LUX,20,small station
http://data.europa.eu/949/functionalInfrastructure/operationalPoints/376c10abe81ad47b370cffe315a57cc218b9e4a2,http://data.europa.eu/949/functionalInfrastructure/operationalPoints/LULh%20%20%20,LULh   ,Luxembourg secteur Hollerich,49.59562,6.120598,http://data.europa.eu/949/concepts/op-types/rinf/70,70,http://publications.europa.eu/resource/authority/country/LUX,70,passenger stop
http://data.europa.eu/949/functionalInfrastructure/operationalPoints/38f1dbc371be3163aa64bf153ff0a90e56d3ddfe,http://data.europa.eu/949/functionalInfrastructure/operationalPoints/LUEs-L%20,LUEs-L ,Esch Secteur Lallange,49.50102,5.99447,http://data.europa.eu/949/concepts/op-types/rinf/110,110,http://publications.europa.eu/resource/authority/country/LUX,110,technical change
http://data.europa.eu/949/functionalInfrastructure/operationalPoints/506bb1f45b5cec9baed382f7bbc25ce7c2d9f65f,http://data.europa.eu/949/functionalInfrastructure/operationalPoints/LUF-S4%20,LUF-S4 ,Fentange Sud (ligne 4),49.56071,6.1457,http://data.europa.eu/949/concepts/op-types/rinf/110,110,http://publications.europa.eu/resource/authority/country/LUX,110,technical change
http://data.europa.eu/949/functionalInfrastructure/operationalPoints/5bbe7b3e3dbf29e748042092e304f4e2017d61aa,http://data.europa.eu/949/functionalInfrastructure/operationalPoints/LUSc%20%20%20,LUSc   ,Sandweiler-Contern,49.598984,6.212664,http://data.europa.eu/949/concepts/op-types/rinf/10,10,http://publications.europa.eu/resource/authority/country/LUX,10,station
http://data.europa.eu/949/functionalInfrastructure/operationalPoints/65eaa0b78f44e59868d3a0db52570b552a2fd821,http://data.europa.eu/949/functionalInfrastructure/operationalPoints/LUTv-P%20,LUTv-P ,Troisvierges-Pfaffenmuhle,50.10893,6.0056,http://data.europa.eu/949/concepts/op-types/rinf/120,120,http://publications.europa.eu/resource/authority/country/LUX,120,switch
http://data.europa.eu/949/functionalInfrastructure/operationalPoints/6dc5955b7b62c5c8c193437d1d5958f68c8c5017,http://data.europa.eu/949/functionalInfrastructure/operationalPoints/LULiv%20%20,LULiv  ,Livange,49.53019,6.11805,http://data.europa.eu/949/concepts/op-types/rinf/110,110,http://publications.europa.eu/resource/authority/country/LUX,110,technical change
http://data.europa.eu/949/functionalInfrastructure/operationalPoints/7e5f09e5ca180b1a9696bcec53c5d7744c33a7e5,http://data.europa.eu/949/functionalInfrastructure/operationalPoints/LUL-St1,LUL-St1,Luxembourg Stadgrond L1,49.60795,6.13927,http://data.europa.eu/949/concepts/op-types/rinf/110,110,http://publications.europa.eu/resource/authority/country/LUX,110,technical change
http://data.europa.eu/949/functionalInfrastructure/operationalPoints/7f48331efd1181fd62fa768398e8d91409d8e270,http://data.europa.eu/949/functionalInfrastructure/operationalPoints/LUD%20%20%20%20,LUD    ,Differdange (gare),49.52858,5.89184,http://data.europa.eu/949/concepts/op-types/rinf/40,40,http://publications.europa.eu/resource/authority/country/LUX,40,freight terminal
http://data.europa.eu/949/functionalInfrastructure/operationalPoints/81c01afc629d7091702af387e864a8faacd349a5,http://data.europa.eu/949/functionalInfrastructure/operationalPoints/LURt-Tra,LURt-Tra,Roodt Poste de transition,49.6599,6.29997,http://data.europa.eu/949/concepts/op-types/rinf/110,110,http://publications.europa.eu/resource/authority/country/LUX,110,technical change
http://data.europa.eu/949/functionalInfrastructure/operationalPoints/91b4514b444a4a81e761a03413e11f5758184cbc,http://data.europa.eu/949/functionalInfrastructure/operationalPoints/LUDrC%20%20,LUDrC  ,Diekirch Commercial,49.86019,6.14214,http://data.europa.eu/949/concepts/op-types/rinf/110,110,http://publications.europa.eu/resource/authority/country/LUX,110,technical change
http://data.europa.eu/949/functionalInfrastructure/operationalPoints/9353081335072d77d2bf27859296ce5f06ac5417,http://data.europa.eu/949/functionalInfrastructure/operationalPoints/LUSr2%20%20,LUSr2  ,Schieren Ligne 2,49.8294,6.0949,http://data.europa.eu/949/concepts/op-types/rinf/110,110,http://publications.europa.eu/resource/authority/country/LUX,110,technical change
http://data.europa.eu/949/functionalInfrastructure/operationalPoints/9c6a5e3fcfb0569e936137f015f5890b4f3e9699,http://data.europa.eu/949/functionalInfrastructure/operationalPoints/LUMt-P%20,LUMt-P ,Mertert-Port,49.69225,6.45846,http://data.europa.eu/949/concepts/op-types/rinf/40,40,http://publications.europa.eu/resource/authority/country/LUX,40,freight terminal
http://data.europa.eu/949/functionalInfrastructure/operationalPoints/b2ff248f1f6c3b26bdc041262fb32188b63d8f73,http://data.europa.eu/949/functionalInfrastructure/operationalPoints/LUBz-Pb,LUBz-Pb,Betzdorf Poste de block,49.68669,6.33606,http://data.europa.eu/949/concepts/op-types/rinf/110,110,http://publications.europa.eu/resource/authority/country/LUX,110,technical change
http://data.europa.eu/949/functionalInfrastructure/operationalPoints/c1a14e215b0d8ae5db2abd7ad153adcceece424b,http://data.europa.eu/949/functionalInfrastructure/operationalPoints/LUCt-Tra,LUCt-Tra,Cruchten Poste de transition,49.80284,6.11661,http://data.europa.eu/949/concepts/op-types/rinf/110,110,http://publications.europa.eu/resource/authority/country/LUX,110,technical change
http://data.europa.eu/949/functionalInfrastructure/operationalPoints/cbb98312d6003445c435528169b31c0008bc0cea,http://data.europa.eu/949/functionalInfrastructure/operationalPoints/LUMt-K%20,LUMt-K ,Mertert-Klinker,49.70106,6.47297,http://data.europa.eu/949/concepts/op-types/rinf/110,110,http://publications.europa.eu/resource/authority/country/LUX,110,technical change
http://data.europa.eu/949/functionalInfrastructure/operationalPoints/d5c1fee6bb4c23e30714aaa3563657a285c3d416,http://data.europa.eu/949/functionalInfrastructure/operationalPoints/LUDr-N%20,LUDr-N ,Dippach Nord,49.58033,6.01616,http://data.europa.eu/949/concepts/op-types/rinf/110,110,http://publications.europa.eu/resource/authority/country/LUX,110,technical change
http://data.europa.eu/949/functionalInfrastructure/operationalPoints/d6c5ca4d1c5b3014b62e7946168258bd959504c1,http://data.europa.eu/949/functionalInfrastructure/operationalPoints/LUF-S6%20,LUF-S6 ,Fentange Sud (ligne 6),49.55858,6.14456,http://data.europa.eu/949/concepts/op-types/rinf/110,110,http://publications.europa.eu/resource/authority/country/LUX,110,technical change
http://data.europa.eu/949/functionalInfrastructure/operationalPoints/f0b9f4d557754f07ae9996bd15d43a8eeb656875,http://data.europa.eu/949/functionalInfrastructure/operationalPoints/LUEs-Us,LUEs-Us,Esch Secteur Usines,49.49935,5.99203,http://data.europa.eu/949/concepts/op-types/rinf/110,110,http://publications.europa.eu/resource/authority/country/LUX,110,technical change
http://data.europa.eu/949/functionalInfrastructure/operationalPoints/f1f89268acdcdf5487a80a793c1e33aebf88c9f8,http://data.europa.eu/949/functionalInfrastructure/operationalPoints/LUBl%20%20%20,LUBl   ,Bellain,50.15127,5.97827,http://data.europa.eu/949/concepts/op-types/rinf/80,80,http://publications.europa.eu/resource/authority/country/LUX,80,junction
